{
  "backups": [
    {
      "id": "backup_1",
      "guild_id": 1411382554048856096,
      "guild_name": "!      TND | SAHIL's server",
      "timestamp": "2025-08-30T16:47:50.905212",
      "channels": [
        {
          "id": 1411382555017482384,
          "name": "general",
          "type": "text",
          "position": 0,
          "topic": null,
          "slowmode_delay": 0,
          "nsfw": false,
          "category_id": 1411382555017482382,
          "overwrites": {
            "role_1411382554048856096": {
              "allow": 0,
              "deny": 2112
            }
          }
        },
        {
          "id": 1411382555017482386,
          "name": "General",
          "type": "voice",
          "position": 0,
          "bitrate": 64000,
          "user_limit": 0,
          "category_id": 1411382555017482383,
          "overwrites": {}
        }
      ],
      "roles": [],
      "categories": [
        {
          "id": 1411382555017482382,
          "name": "Text Channels",
          "position": 0,
          "overwrites": {}
        },
        {
          "id": 1411382555017482383,
          "name": "Voice Channels",
          "position": 0,
          "overwrites": {}
        }
      ]
    },
    {
      "id": "backup_2",
      "guild_id": 1411382554048856096,
      "guild_name": "!      TND | SAHIL's server",
      "timestamp": "2025-08-30T16:49:47.458868",
      "channels": [
        {
          "id": 1411382555017482384,
          "name": "general",
          "type": "text",
          "position": 0,
          "topic": null,
          "slowmode_delay": 0,
          "nsfw": false,
          "category_id": 1411382555017482382,
          "overwrites": {
            "role_1411382554048856096": {
              "allow": 0,
              "deny": 2112
            },
            "role_1411392467407994941": {
              "allow": 0,
              "deny": 3148864
            }
          }
        },
        {
          "id": 1411382555017482386,
          "name": "General",
          "type": "voice",
          "position": 0,
          "bitrate": 64000,
          "user_limit": 0,
          "category_id": 1411382555017482383,
          "overwrites": {
            "role_1411392467407994941": {
              "allow": 0,
              "deny": 3148864
            }
          }
        }
      ],
      "roles": [
        {
          "id": 1411392467407994941,
          "name": "\ud83d\udd12 Quarantined",
          "color": 10038562,
          "hoist": false,
          "mentionable": false,
          "position": 1,
          "permissions": 0
        }
      ],
      "categories": [
        {
          "id": 1411382555017482382,
          "name": "Text Channels",
          "position": 0,
          "overwrites": {
            "role_1411392467407994941": {
              "allow": 0,
              "deny": 3148864
            }
          }
        },
        {
          "id": 1411382555017482383,
          "name": "Voice Channels",
          "position": 0,
          "overwrites": {
            "role_1411392467407994941": {
              "allow": 0,
              "deny": 3148864
            }
          }
        }
      ]
    },
    {
      "id": "backup_3",
      "guild_id": 1411382554048856096,
      "guild_name": "!      TND | SAHIL's server",
      "timestamp": "2025-08-30T16:52:22.316785",
      "channels": [
        {
          "id": 1411382555017482384,
          "name": "general",
          "type": "text",
          "position": 0,
          "topic": null,
          "slowmode_delay": 0,
          "nsfw": false,
          "category_id": 1411382555017482382,
          "overwrites": {
            "role_1411382554048856096": {
              "allow": 0,
              "deny": 2112
            },
            "role_1411392467407994941": {
              "allow": 0,
              "deny": 3148864
            }
          }
        },
        {
          "id": 1411382555017482386,
          "name": "General",
          "type": "voice",
          "position": 0,
          "bitrate": 64000,
          "user_limit": 0,
          "category_id": 1411382555017482383,
          "overwrites": {
            "role_1411392467407994941": {
              "allow": 0,
              "deny": 3148864
            }
          }
        },
        {
          "id": 1411393118363844739,
          "name": "aegis-logs",
          "type": "text",
          "position": 1,
          "topic": "\ud83d\udee1\ufe0f AegisGuard Security Logs - All moderation actions are logged here",
          "slowmode_delay": 0,
          "nsfw": false,
          "category_id": null,
          "overwrites": {
            "role_1411382554048856096": {
              "allow": 0,
              "deny": 1024
            },
            "member_1411381256133804175": {
              "allow": 3072,
              "deny": 0
            }
          }
        }
      ],
      "roles": [
        {
          "id": 1411392467407994941,
          "name": "\ud83d\udd12 Quarantined",
          "color": 10038562,
          "hoist": false,
          "mentionable": false,
          "position": 1,
          "permissions": 0
        }
      ],
      "categories": [
        {
          "id": 1411382555017482382,
          "name": "Text Channels",
          "position": 0,
          "overwrites": {
            "role_1411392467407994941": {
              "allow": 0,
              "deny": 3148864
            }
          }
        },
        {
          "id": 1411382555017482383,
          "name": "Voice Channels",
          "position": 0,
          "overwrites": {
            "role_1411392467407994941": {
              "allow": 0,
              "deny": 3148864
            }
          }
        }
      ]
    },
    {
      "id": "backup_4",
      "guild_id": 1411382554048856096,
      "guild_name": "!      TND | SAHIL's server",
      "timestamp": "2025-08-30T16:56:47.243221",
      "channels": [
        {
          "id": 1411382555017482384,
          "name": "general",
          "type": "text",
          "position": 0,
          "topic": null,
          "slowmode_delay": 0,
          "nsfw": false,
          "category_id": 1411382555017482382,
          "overwrites": {
            "role_1411382554048856096": {
              "allow": 0,
              "deny": 2112
            },
            "role_1411392467407994941": {
              "allow": 0,
              "deny": 3148864
            }
          }
        },
        {
          "id": 1411382555017482386,
          "name": "General",
          "type": "voice",
          "position": 0,
          "bitrate": 64000,
          "user_limit": 0,
          "category_id": 1411382555017482383,
          "overwrites": {
            "role_1411392467407994941": {
              "allow": 0,
              "deny": 3148864
            }
          }
        },
        {
          "id": 1411393118363844739,
          "name": "aegis-logs",
          "type": "text",
          "position": 1,
          "topic": "\ud83d\udee1\ufe0f AegisGuard Security Logs - All moderation actions are logged here",
          "slowmode_delay": 0,
          "nsfw": false,
          "category_id": null,
          "overwrites": {
            "role_1411382554048856096": {
              "allow": 0,
              "deny": 1024
            },
            "member_1411381256133804175": {
              "allow": 3072,
              "deny": 0
            }
          }
        }
      ],
      "roles": [
        {
          "id": 1411392467407994941,
          "name": "\ud83d\udd12 Quarantined",
          "color": 10038562,
          "hoist": false,
          "mentionable": false,
          "position": 1,
          "permissions": 0
        }
      ],
      "categories": [
        {
          "id": 1411382555017482382,
          "name": "Text Channels",
          "position": 0,
          "overwrites": {
            "role_1411392467407994941": {
              "allow": 0,
              "deny": 3148864
            }
          }
        },
        {
          "id": 1411382555017482383,
          "name": "Voice Channels",
          "position": 0,
          "overwrites": {
            "role_1411392467407994941": {
              "allow": 0,
              "deny": 3148864
            }
          }
        }
      ]
    }
  ],
  "next_id": 5
}